{
    "dbname": "hilichurl",
    "disname": "\u6D4B\u8BD5\u89D2\u8272",
    "speed": 32.0,
    "maxHp": 15085.0,
    "atk": 2602.0,
    "def": 674.0,
    "elementalResist": [
        0.100000001490116,
        0.100000001490116,
        0.100000001490116,
        0.100000001490116,
        0.100000001490116,
        0.100000001490116,
        0.100000001490116,
        0.100000001490116
    ]
}