{
    "dbname": "test",
    "disname": "\u6D4B\u8BD5\u89D2\u8272",
    "ID": 1,
    "speed": 43.0,
    "maxHp": 15085.0,
    "atk": 2602.0,
    "def": 674.0,
    "maxEnergy": 60.0,
    "element": 4,
    "elementalBonus": [
        0.0,
        0.0,
        0.0,
        0.0,
        0.0,
        0.0,
        0.0,
        0.0
    ],
    "elementalResist": [
        0.100000001490116,
        0.100000001490116,
        0.100000001490116,
        0.100000001490116,
        0.100000001490116,
        0.100000001490116,
        0.100000001490116,
        0.100000001490116
    ],
    "isAttackTargetEnemy": true,
    "attackSelectionType": 1,
    "isSkillTargetEnemy": true,
    "skillSelectionType": 1,
    "isBurstTargetEnemy": true,
    "burstSelectionType": 3,
    "attackGainPointCount": 1,
    "skillConsumePointCount": 1
}