{
    "dbname": "kazuha",
    "disname": "\u6D4B\u8BD5\u89D2\u8272",
    "speed": 41.0,
    "maxHp": 20676.0,
    "atk": 1313.0,
    "def": 1131.0,
    "maxEnergy": 60.0,
    "element": 0,
    "elementalBonus": [
        0.0,
        0.0,
        0.0,
        0.0,
        0.0,
        0.0,
        0.0,
        0.0
    ],
    "elementalResist": [
        0.100000001490116,
        0.100000001490116,
        0.100000001490116,
        0.100000001490116,
        0.100000001490116,
        0.100000001490116,
        0.100000001490116,
        0.100000001490116
    ],
    "isAttackTargetEnemy": true,
    "attackSelectionType": 1,
    "isSkillTargetEnemy": true,
    "skillSelectionType": 1,
    "isBurstTargetEnemy": true,
    "burstSelectionType": 3,
    "attackGainPointCount": 1,
    "skillConsumePointCount": 1
}