{
    "dbname": "kokomi",
    "disname": "\u6D4B\u8BD5\u89D2\u8272",
    "speed": 30.0,
    "maxHp": 40277.0,
    "atk": 1190.0,
    "def": 911.0,
    "maxEnergy": 70.0,
    "element": 2,
    "elementalBonus": [
        0.0,
        0.0,
        0.0,
        0.0,
        0.0,
        0.0,
        0.0,
        0.0
    ],
    "elementalResist": [
        0.100000001490116,
        0.100000001490116,
        0.100000001490116,
        0.100000001490116,
        0.100000001490116,
        0.100000001490116,
        0.100000001490116,
        0.100000001490116
    ],
    "isAttackTargetEnemy": true,
    "attackSelectionType": 1,
    "isSkillTargetEnemy": false,
    "skillSelectionType": 1,
    "isBurstTargetEnemy": false,
    "burstSelectionType": 3,
    "attackGainPointCount": 1,
    "skillConsumePointCount": 1,
    "attackGainEnergy": 2.0,
    "skillGainEnergy": 15.0,
    "takeDmgGainEnergy": 7.0,
    "attackAction": [{
        "actionType": 0.0,
        "valueBase": 0.0,
        "rate": 62.0,
        "element": 2.0,
        "offset": 0.0
    }],
    "skillAction": [{
            "actionType": 1.0,
            "valueBase": 2.0,
            "rate": 7.51,
            "offset": 862.0
        },
        {
            "actionType": 2.0,
            "element": 2.0
        }
    ],
    "burstAction": [{
        "actionType": 1.0,
        "valueBase": 2.0,
        "rate": 20.1,
        "offset": 1692.0
    }]
}